{"keyset": {"lweSecretKeys": [{"id": 0, "params": {"lweDimension": 2048, "integerPrecision": 64, "keyType": "binary"}}, {"id": 1, "params": {"lweDimension": 818, "integerPrecision": 64, "keyType": "binary"}}], "lweBootstrapKeys": [{"id": 0, "inputId": 1, "outputId": 0, "params": {"levelCount": 2, "baseLog": 15, "glweDimension": 1, "polynomialSize": 2048, "variance": 8.442253112932959e-31, "integerPrecision": 64, "modulus": {"modulus": {"native": {}}}, "keyType": "binary", "inputLweDimension": 818}, "compression": "seed"}], "lweKeyswitchKeys": [{"id": 0, "inputId": 0, "outputId": 1, "params": {"levelCount": 8, "baseLog": 2, "variance": 9.032152918185767e-12, "integerPrecision": 64, "modulus": {"modulus": {"native": {}}}, "keyType": "binary", "inputLweDimension": 2048, "outputLweDimension": 818}, "compression": "seed"}], "packingKeyswitchKeys": []}, "circuits": [{"inputs": [{"rawInfo": {"shape": {"dimensions": [44, 3]}, "integerPrecision": 64, "isSigned": false}, "typeInfo": {"lweCiphertext": {"abstractShape": {"dimensions": [44]}, "concreteShape": {"dimensions": [44, 3]}, "integerPrecision": 64, "encryption": {"keyId": 0, "variance": 8.442253112932959e-31, "lweDimension": 2048, "modulus": {"modulus": {"native": {}}}}, "compression": "seed", "encoding": {"integer": {"width": 5, "isSigned": false, "mode": {"native": {}}}}}}}, {"rawInfo": {"shape": {"dimensions": [44, 3]}, "integerPrecision": 64, "isSigned": false}, "typeInfo": {"lweCiphertext": {"abstractShape": {"dimensions": [44]}, "concreteShape": {"dimensions": [44, 3]}, "integerPrecision": 64, "encryption": {"keyId": 0, "variance": 8.442253112932959e-31, "lweDimension": 2048, "modulus": {"modulus": {"native": {}}}}, "compression": "seed", "encoding": {"integer": {"width": 5, "isSigned": false, "mode": {"native": {}}}}}}}], "outputs": [{"rawInfo": {"shape": {"dimensions": [2049]}, "integerPrecision": 64, "isSigned": false}, "typeInfo": {"lweCiphertext": {"abstractShape": {"dimensions": []}, "concreteShape": {"dimensions": [2049]}, "integerPrecision": 64, "encryption": {"keyId": 0, "variance": 8.442253112932959e-31, "lweDimension": 2048, "modulus": {"modulus": {"native": {}}}}, "compression": "none", "encoding": {"integer": {"width": 12, "isSigned": false, "mode": {"native": {}}}}}}}], "name": "euclidian_distance"}], "tfhers_specs": {"input_types_per_func": {"euclidian_distance": [null, null]}, "output_types_per_func": {"euclidian_distance": [null]}, "input_shapes_per_func": {"euclidian_distance": [null, null]}, "output_shapes_per_func": {"euclidian_distance": [null]}}}