{
  "circuitFeedbacks": [
    {
      "crtDecompositionsOfOutputs": [
        []
      ],
      "memoryUsagePerLoc": {
        "loc(\"/home/magpie/cs-master/thesis/epl_fhe_thesis/communication_scenario/src/trusted.py\":6:0)": 16392,
        "loc(\"/home/magpie/cs-master/thesis/epl_fhe_thesis/communication_scenario/src/trusted.py\":8:0)": 4449032
      },
      "name": "euclidian_distance",
      "statistics": [
        {
          "count": 44,
          "keys": [
            [
              "SECRET",
              0
            ]
          ],
          "location": "loc(\"/home/magpie/cs-master/thesis/epl_fhe_thesis/communication_scenario/src/trusted.py\":8:0)",
          "operation": "ENCRYPTED_NEGATION"
        },
        {
          "count": 44,
          "keys": [
            [
              "SECRET",
              0
            ]
          ],
          "location": "loc(\"/home/magpie/cs-master/thesis/epl_fhe_thesis/communication_scenario/src/trusted.py\":8:0)",
          "operation": "ENCRYPTED_ADDITION"
        },
        {
          "count": 44,
          "keys": [
            [
              "SECRET",
              0
            ]
          ],
          "location": "loc(\"/home/magpie/cs-master/thesis/epl_fhe_thesis/communication_scenario/src/trusted.py\":8:0)",
          "operation": "CLEAR_ADDITION"
        },
        {
          "count": 44,
          "keys": [
            [
              "KEY_SWITCH",
              0
            ]
          ],
          "location": "loc(\"/home/magpie/cs-master/thesis/epl_fhe_thesis/communication_scenario/src/trusted.py\":8:0)",
          "operation": "KEY_SWITCH"
        },
        {
          "count": 44,
          "keys": [
            [
              "BOOTSTRAP",
              0
            ]
          ],
          "location": "loc(\"/home/magpie/cs-master/thesis/epl_fhe_thesis/communication_scenario/src/trusted.py\":8:0)",
          "operation": "PBS"
        },
        {
          "count": 44,
          "keys": [
            [
              "SECRET",
              0
            ]
          ],
          "location": "loc(\"/home/magpie/cs-master/thesis/epl_fhe_thesis/communication_scenario/src/trusted.py\":8:0)",
          "operation": "ENCRYPTED_ADDITION"
        }
      ],
      "totalInputsSize": 2112,
      "totalOutputsSize": 16392
    }
  ],
  "complexity": 7078441832,
  "globalPError": 9.9827288877781391e-06,
  "pError": 2.2688130870669958e-07,
  "totalBootstrapKeysSize": 107216896,
  "totalKeyswitchKeysSize": 107347968,
  "totalSecretKeysSize": 22928
}